﻿Rank,TeamId,TeamName,LastSubmissionDate,Score,SubmissionCount,TeamMemberUserNames
1,1552323,"Julia Bresticker","2018-04-16 00:49:28",0.97332,7,juliabresticker
2,1551784,"Matt Mistro","2018-04-15 22:59:03",0.97197,11,mistro
3,1551783,"Han Setiawan","2018-04-13 00:02:33",0.97181,10,hananielsetiawan
4,1554207,"Hope Pegues","2018-04-12 15:49:50",0.97166,5,hpegues
5,1552362,"Zhanerke Abisheva","2018-04-15 03:02:51",0.97124,7,zhanerke
6,1551837,"Caley Buxton","2018-04-16 00:04:02",0.97070,13,caleybuxton
7,1551873,"James Jensen","2018-04-14 14:56:20",0.97010,7,jamesjensenmp762
8,1561051,"Jonathan Cuthbertson","2018-04-16 00:40:51",0.96694,9,jonathancuthbertson
9,1552272,"Jingxi Weng","2018-04-16 14:12:38",0.96431,11,wjx0000
10,1552143,"Steven Hyatt","2018-04-16 00:00:21",0.95890,10,sphyatt
11,1554260,"Jayasai Rajagopal","2018-04-16 01:25:24",0.95745,11,jayasai
12,1558932,"Paul Yoon","2018-04-09 00:03:49",0.95415,4,ko99rea
13,1558864,"Naomi ","2018-04-15 21:12:44",0.94993,7,naomimoralesmedina
14,1563995,"Stefan Stryker ","2018-04-16 00:01:34",0.94829,8,smstryker
15,1561715,"Xiaoyu Duan","2018-04-16 15:05:16",0.94485,5,xiaoyuduan
